,Genomic Instability,Telomere Attrition,Epigenetic Alterations,Loss of Proteostasis,Deregulated Nutrient Sensing,Mitochondrial Dysfunction,Cellular Senescence,Stem Cell Exhaustion,Altered Intercellular Communication
Genomic Instability,1.0,0.6796382182024244,0.08456582850920566,0.1284147601640018,0.0113907932310359,0.3434260380670896,0.484935610395671,0.14673763041811577,0.046151623906932296
Telomere Attrition,0.6796382182024244,1.0,0.09835575950843897,0.11412126801408903,0.11120701341126012,0.046300070000777786,0.5661360681785352,0.5199671107456749,0.03370570784119823
Epigenetic Alterations,0.08456582850920566,0.09835575950843897,1.0,0.18362959588439867,0.46994611051233903,0.30592828809208994,0.36635207057856195,0.12858987322081356,0.12897921088012088
Loss of Proteostasis,0.1284147601640018,0.11412126801408903,0.18362959588439867,1.0,0.5009237880420893,0.31414926832520357,0.3462874031933688,0.1162492916587962,0.07187324303603372
Deregulated Nutrient Sensing,0.0113907932310359,0.11120701341126012,0.46994611051233903,0.5009237880420893,1.0,0.508228758097312,0.12764986277625306,0.4203553372815253,0.0537077078634207
Mitochondrial Dysfunction,0.3434260380670896,0.046300070000777786,0.30592828809208994,0.31414926832520357,0.508228758097312,1.0,0.10724963610706786,0.12073734152601694,0.3647156079511994
Cellular Senescence,0.484935610395671,0.5661360681785352,0.36635207057856195,0.3462874031933688,0.12764986277625306,0.10724963610706786,1.0,0.555236835964844,0.5409255658396205
Stem Cell Exhaustion,0.14673763041811577,0.5199671107456749,0.12858987322081356,0.1162492916587962,0.4203553372815253,0.12073734152601694,0.555236835964844,1.0,0.49612417915754614
Altered Intercellular Communication,0.046151623906932296,0.03370570784119823,0.12897921088012088,0.07187324303603372,0.0537077078634207,0.3647156079511994,0.5409255658396205,0.49612417915754614,1.0
