,Genomic Instability,Telomere Attrition,Epigenetic Alterations,Loss of Proteostasis,Deregulated Nutrient Sensing,Mitochondrial Dysfunction,Cellular Senescence,Stem Cell Exhaustion,Altered Intercellular Communication
Genomic Instability,1.0000000000000002,0.6380097135997649,0.0364702769741986,0.032805600743287484,-0.012457745601298706,0.3362300028520928,0.4468017749214048,0.01620376660258085,0.043908791914729225
Telomere Attrition,0.6380097135997648,1.0000000000000002,0.0025601375718814923,0.001195378579652484,0.009393421013489733,-0.012813690104426931,0.5580424895759598,0.48308430742444686,0.014003207224519794
Epigenetic Alterations,0.03647027697419858,0.002560137571881509,1.0,0.029759630727038595,0.42585972772929453,0.342917203912753,0.2689409544937334,0.015699714350346193,0.03857831241957138
Loss of Proteostasis,0.032805600743287464,0.0011953785796524857,0.02975963072703863,0.9999999999999998,0.4756009935518245,0.30153097455435723,0.22939227618815827,0.015826562864507267,0.03310661884269651
Deregulated Nutrient Sensing,-0.0124577456012987,0.009393421013489727,0.42585972772929453,0.47560099355182445,1.0,0.5284570489412131,0.015442346277471092,0.3702974600994602,0.00161156125872973
Mitochondrial Dysfunction,0.33623000285209287,-0.012813690104426945,0.342917203912753,0.30153097455435723,0.5284570489412129,1.0000000000000002,0.0727943248033968,-0.0039117020972886515,0.40929075292556716
Cellular Senescence,0.4468017749214048,0.5580424895759598,0.26894095449373334,0.2293922761881583,0.015442346277471096,0.07279432480339681,1.0,0.4939620580903888,0.5232614526543944
Stem Cell Exhaustion,0.0162037666025808,0.4830843074244468,0.015699714350346224,0.015826562864507225,0.3702974600994602,-0.003911702097288652,0.4939620580903888,1.0,0.43282874284054523
Altered Intercellular Communication,0.043908791914729205,0.014003207224519709,0.038578312419571374,0.03310661884269648,0.0016115612587296567,0.40929075292556716,0.5232614526543944,0.4328287428405452,0.9999999999999998
