{
  "edge_auroc": 0.4538461538461539,
  "best_f1": 0.7636363636363637,
  "centrality_rho": 0.43333333333333335,
  "top3_overlap": 0.6666666666666666,
  "module_ari": -0.16883116883116883,
  "age_effect_rho": 0.7956783115902859,
  "pct_stable_edges": 16.666666666666664
}