threshold,precision,recall,f1,n_predicted_edges
0.05,0.7241379310344828,0.8076923076923077,0.7636363636363637,29
0.1,0.7307692307692307,0.7307692307692307,0.7307692307692307,26
0.15,0.7083333333333334,0.6538461538461539,0.68,24
0.2,0.6666666666666666,0.46153846153846156,0.5454545454545454,18
0.25,0.6666666666666666,0.3076923076923077,0.42105263157894735,12
0.3,0.6666666666666666,0.3076923076923077,0.42105263157894735,12
