,Genomic Instability,Telomere Attrition,Epigenetic Alterations,Loss of Proteostasis,Deregulated Nutrient Sensing,Mitochondrial Dysfunction,Cellular Senescence,Stem Cell Exhaustion,Altered Intercellular Communication
Genomic Instability,1.0,2.2543248393099e-05,0.5900533236212834,0.11245961768092265,8.740801518877287e-10,3.001468331761196e-24,7.130902771237207e-10,0.0012099894566631355,0.9495029786719767
Telomere Attrition,2.2543248393099e-05,1.0,0.5353065931861948,0.6267014602357219,8.458724754024453e-12,1.2693832816702977e-05,0.0012041711484077765,0.0006678523503890971,0.12302557782745682
Epigenetic Alterations,0.5900533236212834,0.5353065931861948,1.0,0.4873698416958583,4.204089247005764e-08,0.01457254099520986,0.9428111064407817,0.004880044411185985,0.0002602555886812475
Loss of Proteostasis,0.11245961768092265,0.6267014602357219,0.4873698416958583,1.0,0.004287656055013762,0.003899982767745395,0.0003251814025657697,0.019932835301816196,0.08404917870307567
Deregulated Nutrient Sensing,8.740801518877287e-10,8.458724754024453e-12,4.204089247005764e-08,0.004287656055013762,1.0,1.075879410192328e-14,1.6954225331492166e-17,2.6376663185144515e-15,9.051118160228261e-08
Mitochondrial Dysfunction,3.001468331761196e-24,1.2693832816702977e-05,0.01457254099520986,0.003899982767745395,1.075879410192328e-14,1.0,5.373767652764762e-09,2.86033502865457e-05,1.051666009479301e-18
Cellular Senescence,7.130902771237207e-10,0.0012041711484077765,0.9428111064407817,0.0003251814025657697,1.6954225331492166e-17,5.373767652764762e-09,1.0,5.8371119247942196e-08,0.00029201465851281735
Stem Cell Exhaustion,0.0012099894566631355,0.0006678523503890971,0.004880044411185985,0.019932835301816196,2.6376663185144515e-15,2.86033502865457e-05,5.8371119247942196e-08,1.0,0.9993669327559851
Altered Intercellular Communication,0.9495029786719767,0.12302557782745682,0.0002602555886812475,0.08404917870307567,9.051118160228261e-08,1.051666009479301e-18,0.00029201465851281735,0.9993669327559851,1.0
