,Genomic Instability,Telomere Attrition,Epigenetic Alterations,Loss of Proteostasis,Deregulated Nutrient Sensing,Mitochondrial Dysfunction,Cellular Senescence,Stem Cell Exhaustion,Altered Intercellular Communication
Genomic Instability,0.0,0.04233091941478051,0.025175889987685274,0.011610367219600182,0.06172181355854134,0.13404740388331948,0.06632458471592706,0.0,0.0
Telomere Attrition,0.042337710853414645,0.0,0.0,0.022078270197721128,0.05859438058210387,0.0043757825384820315,0.041054476174950505,0.0067412743186343604,0.0
Epigenetic Alterations,0.02356796593946875,0.0,0.0,0.0,0.0731508502835414,0.0,0.020630303025066077,0.0164356654019846,0.0
Loss of Proteostasis,0.0124805785917399,0.02129801248565455,0.0,0.0,0.0,0.0,0.021679585603167073,0.025703189117006975,0.0
Deregulated Nutrient Sensing,0.06305761442408553,0.05972938363897473,0.07250244713807641,0.0,0.0,0.12242436715661631,0.09948794124254734,0.09094674365241007,0.03540342594918222
Mitochondrial Dysfunction,0.13471269881319925,0.00485803521496031,0.0,0.0,0.1212254279912548,0.0,0.07196572265349088,0.0,0.15247790541824768
Cellular Senescence,0.06877915446343863,0.044125125703053936,0.020627032610565532,0.02487855374270387,0.09934581456933689,0.0716338491715458,0.0,0.017113397023489352,0.03784395252854189
Stem Cell Exhaustion,0.0,0.008346291038745957,0.015073615937270635,0.023172907093320205,0.0894023545078606,0.0,0.0142816590080721,0.0,0.040445205434201714
Altered Intercellular Communication,0.0,0.0,0.0,0.0,0.03622207398240107,0.15255597295860834,0.03566595129684025,0.04140333067028967,0.0
