,Genomic Instability,Telomere Attrition,Epigenetic Alterations,Loss of Proteostasis,Deregulated Nutrient Sensing,Mitochondrial Dysfunction,Cellular Senescence,Stem Cell Exhaustion,Altered Intercellular Communication
Genomic Instability,1.0,0.04395875666725522,-0.019294085487269085,0.0,-0.07603383723668147,-0.3803285558424795,0.14404753262311573,0.0,-0.08083586745392413
Telomere Attrition,0.043958756667255225,1.0,0.0,0.0,-0.23359661604862925,-0.05623863214632922,0.0,0.000719016520981891,-0.09566911830681889
Epigenetic Alterations,-0.01929408548726909,0.0,1.0,0.0,-0.20326897429887283,-0.0167970711429775,0.0,0.003570718225992251,-0.15638680403524532
Loss of Proteostasis,0.0,0.0,0.0,1.0,-0.126761728040754,-0.054559355989796145,-0.1334188977150686,-0.06646246536176972,-0.028932777392768182
Deregulated Nutrient Sensing,-0.07603383723668149,-0.23359661604862925,-0.20326897429887283,-0.12676172804075403,1.0,0.12039237102011191,-0.26752725816513817,-0.24408562112077895,-0.14821107989068477
Mitochondrial Dysfunction,-0.3803285558424795,-0.05623863214632922,-0.0167970711429775,-0.054559355989796145,0.12039237102011191,1.0,-0.04904638906356838,-0.02949319985530342,-0.3416237882715937
Cellular Senescence,0.14404753262311573,0.0,0.0,-0.1334188977150686,-0.2675272581651382,-0.04904638906356838,1.0,0.07604809748331165,0.0
Stem Cell Exhaustion,0.0,0.0007190165209818909,0.003570718225992251,-0.06646246536176974,-0.24408562112077892,-0.02949319985530342,0.07604809748331165,1.0,-0.005761241809130631
Altered Intercellular Communication,-0.08083586745392413,-0.09566911830681889,-0.15638680403524535,-0.028932777392768182,-0.14821107989068477,-0.3416237882715937,0.0,-0.005761241809130631,1.0
