,Genomic Instability,Telomere Attrition,Epigenetic Alterations,Loss of Proteostasis,Deregulated Nutrient Sensing,Mitochondrial Dysfunction,Cellular Senescence,Stem Cell Exhaustion,Altered Intercellular Communication
Genomic Instability,1.0,0.15266446210238865,0.003807410327644608,-0.0028387243874068296,-0.23379980870768466,-0.4916718880695767,-0.10008452407329999,-0.045886413157901165,-0.06132159802273141
Telomere Attrition,0.15266446210238865,1.0,-0.05738192634604696,0.011519276462639654,-0.27998180848352594,-0.23712297159080423,-0.028861404235892445,-0.0915634909620544,-0.10126564837985806
Epigenetic Alterations,0.003807410327644608,-0.05738192634604696,1.0,0.06314956355107318,-0.12485366354497335,-0.10015683690573014,0.05002122829911993,0.10047372237521618,-0.21475933471247535
Loss of Proteostasis,-0.0028387243874068296,0.011519276462639654,0.06314956355107318,1.0,-0.14016211681003293,-0.1397501987267743,-0.10573605260053652,-0.024510252189365273,-0.1032538199094563
Deregulated Nutrient Sensing,-0.23379980870768466,-0.27998180848352594,-0.12485366354497335,-0.14016211681003293,1.0,0.245378540811511,-0.22121486572083776,-0.09110935798600522,-0.24886906285115062
Mitochondrial Dysfunction,-0.4916718880695767,-0.23712297159080423,-0.10015683690573014,-0.1397501987267743,0.245378540811511,1.0,-0.09898319736720318,0.02841000570348252,-0.4918202844879435
Cellular Senescence,-0.10008452407329999,-0.028861404235892445,0.05002122829911993,-0.10573605260053652,-0.22121486572083776,-0.09898319736720318,1.0,0.024239838991466117,0.04542830247099563
Stem Cell Exhaustion,-0.045886413157901165,-0.0915634909620544,0.10047372237521618,-0.024510252189365273,-0.09110935798600522,0.02841000570348252,0.024239838991466117,1.0,-0.20315528708261796
Altered Intercellular Communication,-0.06132159802273141,-0.10126564837985806,-0.21475933471247535,-0.1032538199094563,-0.24886906285115062,-0.4918202844879435,0.04542830247099563,-0.20315528708261796,1.0
