,Genomic Instability,Telomere Attrition,Epigenetic Alterations,Loss of Proteostasis,Deregulated Nutrient Sensing,Mitochondrial Dysfunction,Cellular Senescence,Stem Cell Exhaustion,Altered Intercellular Communication
Genomic Instability,1.0,0.2420483965242092,-0.031228030837491275,-0.0918286449605796,-0.3445088949300139,-0.5414325561012598,0.34621085586783135,0.18600348495655866,0.0036717294940383717
Telomere Attrition,0.2420483965242092,1.0,0.03592987362290039,-0.02819297550666588,-0.380980561399235,-0.24908795408345571,0.18608114807962997,0.19535981005812914,-0.08923363390254646
Epigenetic Alterations,-0.031228030837491275,0.03592987362290039,1.0,0.04024864535973756,-0.30997112724887455,-0.14092074163174684,-0.004159090113624905,0.1621156657109313,-0.20937783859399836
Loss of Proteostasis,-0.0918286449605796,-0.02819297550666588,0.04024864535973756,1.0,-0.16446415989914512,-0.16616513800681754,-0.20614812055080073,-0.13433574809049717,-0.09991387606538711
Deregulated Nutrient Sensing,-0.3445088949300139,-0.380980561399235,-0.30997112724887455,-0.16446415989914512,1.0,0.42656536272230106,-0.4649634103819019,-0.4353536677925777,-0.30258237637293955
Mitochondrial Dysfunction,-0.5414325561012598,-0.24908795408345571,-0.14092074163174684,-0.16616513800681754,0.42656536272230106,1.0,-0.3288502421786264,-0.2390671509578838,-0.4801241621107825
Cellular Senescence,0.34621085586783135,0.18608114807962997,-0.004159090113624905,-0.20614812055080073,-0.4649634103819019,-0.3288502421786264,1.0,0.3068339296430704,0.20771426539757304
Stem Cell Exhaustion,0.18600348495655866,0.19535981005812914,0.1621156657109313,-0.13433574809049717,-0.4353536677925777,-0.2390671509578838,0.3068339296430704,1.0,-4.6000868905415135e-05
Altered Intercellular Communication,0.0036717294940383717,-0.08923363390254646,-0.20937783859399836,-0.09991387606538711,-0.30258237637293955,-0.4801241621107825,0.20771426539757304,-4.6000868905415135e-05,1.0
