,Genomic Instability,Telomere Attrition,Epigenetic Alterations,Loss of Proteostasis,Deregulated Nutrient Sensing,Mitochondrial Dysfunction,Cellular Senescence,Stem Cell Exhaustion,Altered Intercellular Communication
Genomic Instability,1.0,0.2501792257275813,-0.0681517923356167,-0.10306858939120218,-0.34348395372187296,-0.5344388632385354,0.34461087342167257,0.17195265775165494,0.02375430326951274
Telomere Attrition,0.2501792257275813,1.0,0.046265229776116266,-0.04153721450023725,-0.38012557131753966,-0.24615367692066528,0.1804181129462091,0.18889680757634406,-0.0847429811137105
Epigenetic Alterations,-0.0681517923356167,0.046265229776116266,1.0,0.03545774381456877,-0.2975375962916609,-0.11750203642848692,0.005453667658729786,0.14447455867383457,-0.21124704341465114
Loss of Proteostasis,-0.10306858939120218,-0.04153721450023725,0.03545774381456877,1.0,-0.17509834935494187,-0.15483685874372588,-0.2098395341418781,-0.1390440684878527,-0.09370137394195799
Deregulated Nutrient Sensing,-0.34348395372187296,-0.38012557131753966,-0.2975375962916609,-0.17509834935494187,1.0,0.42067883583382454,-0.45131839610006613,-0.41800609967296315,-0.31655222951062134
Mitochondrial Dysfunction,-0.5344388632385354,-0.24615367692066528,-0.11750203642848692,-0.15483685874372588,0.42067883583382454,1.0,-0.31861499760024053,-0.23316293383794792,-0.497841741327236
Cellular Senescence,0.34461087342167257,0.1804181129462091,0.005453667658729786,-0.2098395341418781,-0.45131839610006613,-0.31861499760024053,1.0,0.30310587357383123,0.20988949131970253
Stem Cell Exhaustion,0.17195265775165494,0.18889680757634406,0.14447455867383457,-0.1390440684878527,-0.41800609967296315,-0.23316293383794792,0.30310587357383123,1.0,0.008048821382914274
Altered Intercellular Communication,0.02375430326951274,-0.0847429811137105,-0.21124704341465114,-0.09370137394195799,-0.31655222951062134,-0.497841741327236,0.20988949131970253,0.008048821382914274,1.0
