,Genomic Instability,Telomere Attrition,Epigenetic Alterations,Loss of Proteostasis,Deregulated Nutrient Sensing,Mitochondrial Dysfunction,Cellular Senescence,Stem Cell Exhaustion,Altered Intercellular Communication
Genomic Instability,1.0,0.6789848776097512,0.07900532228135868,-0.22840564895165502,-0.11281547572750808,-0.4107507861198458,0.5744574939721553,0.20336625962510693,0.1673378593095479
Telomere Attrition,0.6789848776097512,1.0,0.06772341914910165,-0.17776197513305703,-0.12256136179290882,-0.09195746619406882,0.5957435082612029,0.5846064956277292,0.11101901132234802
Epigenetic Alterations,0.07900532228135868,0.06772341914910165,1.0,-0.14453227258080645,-0.4345226058067312,-0.38271536350403895,0.3099096656629518,0.14287047633862598,0.159734219269103
Loss of Proteostasis,-0.22840564895165502,-0.17776197513305703,-0.14453227258080645,1.0,0.4810609006766742,0.35080523116923523,-0.3948599428882543,-0.1578617540194891,-0.15645773841931576
Deregulated Nutrient Sensing,-0.11281547572750808,-0.12256136179290882,-0.4345226058067312,0.4810609006766742,1.0,0.5315259058433982,-0.1220631340348226,-0.44261025122501363,-0.01854865054056156
Mitochondrial Dysfunction,-0.4107507861198458,-0.09195746619406882,-0.38271536350403895,0.35080523116923523,0.5315259058433982,1.0,-0.19947377193079924,-0.08086312070134112,-0.3510745674951944
Cellular Senescence,0.5744574939721553,0.5957435082612029,0.3099096656629518,-0.3948599428882543,-0.1220631340348226,-0.19947377193079924,1.0,0.5337183746486072,0.6116325736952632
Stem Cell Exhaustion,0.20336625962510693,0.5846064956277292,0.14287047633862598,-0.1578617540194891,-0.44261025122501363,-0.08086312070134112,0.5337183746486072,1.0,0.3354912832364804
Altered Intercellular Communication,0.1673378593095479,0.11101901132234802,0.159734219269103,-0.15645773841931576,-0.01854865054056156,-0.3510745674951944,0.6116325736952632,0.3354912832364804,1.0
